{"current":"Red and black","presets":{"Red and black":{"customer_layout":"theme","shop_bg_color":"#ffffff","toolbar_bg_color":"#000000","toolbar_text_color":"#bbbbbb","link_color":"#f45b4f","nav_link_color":"#888888","body_font_color":"#555555","header_color":"#333333","shop_btn_color":"#f45b4f","border_color":"#dddddd","slide_1_link":"/collections/all","slide_1_alt":"","slide_2_link":"/collections/all","slide_2_alt":"","slide_3_link":"","slide_3_alt":"","slide_4_link":"","slide_4_alt":"","footer_linklist_title":"Quick Links","footer_blog_post_header":"News","mailing_list_form_action":"","twitter_link":"http://twitter.com/shopify","facebook_link":"http://facebook.com/shopify","google_link":"","youtube_link":"","vimeo_link":"","pinterest_link":"","instagram_link":"","tumblr_link":"","atom_link":"","base_font":"Helvetica, Arial, sans-serif","header_font":"Google+Cabin","pagination_limit":"24","use_logo":false,"enable_featuredproduct":true,"slide_1":false,"slide_2":false,"slide_3":false,"slide_4":false,"enable_product_image_zoom":false,"display_quantity_dropdown":false,"show_related_products":true,"collection_tags":true,"collection_sort":true,"footer_display_newsletter":false,"icon_cart":"light","display_slide_1":"false","display_slide_2":"false","display_slide_3":"false","display_slide_4":"false","enable_slideshowbanner":"true","frontpage_collection":"frontpage","homepage":"frontpage","footer_blog_post":"news","footer_linklist":"footer"}}}